Yamaha/MT07 ABS Preta 20/21;R$ 42.990;https://es.olx.com.br/norte-do-espirito-santo/autos-e-pecas/motos/yamaha-mt07-abs-preta-20-21-1152726427
Yamaha Mt07 2019/2020;R$ 38.990;https://es.olx.com.br/norte-do-espirito-santo/autos-e-pecas/motos/yamaha-mt07-2019-2020-1135695462
Yamaha/MT07 ABS Preta 20/21;R$ 43.995;https://es.olx.com.br/norte-do-espirito-santo/autos-e-pecas/motos/yamaha-mt07-abs-preta-20-21-1145221076
YAMAHA MT07 - Motor 700 CILINDRADAS;R$ 40.500;https://es.olx.com.br/norte-do-espirito-santo/autos-e-pecas/motos/yamaha-mt07-motor-700-cilindradas-1096269133
Yamaha/MT07 ABS Preta 20/21;R$ 43.995;https://es.olx.com.br/norte-do-espirito-santo/autos-e-pecas/motos/yamaha-mt07-abs-preta-20-21-1156956254
Yamaha/MT07 ABS único dono impecável;R$ 42.990;https://es.olx.com.br/norte-do-espirito-santo/autos-e-pecas/motos/yamaha-mt07-abs-unico-dono-impecavel-1140446093
Yamaha MT07 Abs Azul 2021 - Mepal Motos;R$ 44.990;https://es.olx.com.br/norte-do-espirito-santo/autos-e-pecas/motos/yamaha-mt07-abs-azul-2021-mepal-motos-1053087385
Yamaha MT07;R$ 33.900;https://es.olx.com.br/norte-do-espirito-santo/autos-e-pecas/motos/yamaha-mt07-1150224806
YAMAHA MT 07 ABS;R$ 31.900;https://es.olx.com.br/norte-do-espirito-santo/autos-e-pecas/motos/yamaha-mt-07-abs-1162731768
Yamaha MT 07;R$ 32.000;https://es.olx.com.br/norte-do-espirito-santo/autos-e-pecas/motos/yamaha-mt-07-1162607719
Yamaha MT-07 ( Impecável! );R$ 43.600;https://es.olx.com.br/norte-do-espirito-santo/autos-e-pecas/motos/yamaha-mt-07-impecavel-1096324202
YAMAHA MT-07 ABS 2021 *** Muito Novaaa***;R$ 39.900;https://es.olx.com.br/norte-do-espirito-santo/autos-e-pecas/motos/yamaha-mt-07-abs-2021--muito-novaaa-1163870679
Yamaha MT- 07 / Preta NOVA;R$ 49.990;https://es.olx.com.br/norte-do-espirito-santo/autos-e-pecas/motos/yamaha-mt-07-preta-nova-1156526536
Yamaha MT-07 2021;R$ 41.900;https://es.olx.com.br/norte-do-espirito-santo/autos-e-pecas/motos/yamaha-mt-07-2021-1159350426
Yamaha MT 07 2022 4.300km;R$ 42.990;https://es.olx.com.br/sul-do-espirito-santo/autos-e-pecas/motos/yamaha-mt-07-2022-4-300km-1151620709
Yamaha MT 07 2018 + Zera do Es;R$ 36.500;https://es.olx.com.br/norte-do-espirito-santo/autos-e-pecas/motos/yamaha-mt-07-2018-zera-do-es-1153111689
Yamaha MT 07 2019;R$ 38.800;https://es.olx.com.br/norte-do-espirito-santo/autos-e-pecas/motos/yamaha-mt-07-2019-1152276064
Yamaha MT 07 16;R$ 35.000;https://es.olx.com.br/norte-do-espirito-santo/autos-e-pecas/motos/yamaha-mt-07-16-1147458325
Yamaha MT 07 2016;R$ 34.000;https://es.olx.com.br/norte-do-espirito-santo/autos-e-pecas/motos/yamaha-mt-07-2016-1141943510
YAMAHA;R$ 39.900;https://es.olx.com.br/sul-do-espirito-santo/autos-e-pecas/motos/yamaha-1145587790
Moto yamaha mt 07 luxo 700 cilindradas;R$ 33.500;https://es.olx.com.br/norte-do-espirito-santo/autos-e-pecas/motos/moto-yamaha-mt-07-luxo-700-cilindradas-1148801020
MT 07 - Yamaha;R$ 45.000;https://es.olx.com.br/norte-do-espirito-santo/autos-e-pecas/motos/mt-07-yamaha-1161955418
V/T Yamaha MT-07;R$ 40.000;https://es.olx.com.br/norte-do-espirito-santo/autos-e-pecas/motos/v-t-yamaha-mt-07-1152711208
Lanterna Traseira Led com pisca Yamaha R3 Mt 07 mt 03;R$ 290;https://es.olx.com.br/norte-do-espirito-santo/autos-e-pecas/pecas-e-acessorios/motos/lanterna-traseira-led-com-pisca-yamaha-r3-mt-07-mt-03-1159465621
MT 07;R$ 40.000;https://es.olx.com.br/norte-do-espirito-santo/autos-e-pecas/motos/mt-07-1143291624
MT-07 ABS 2022/2023 - Pronta entrega!!!!;R$ 49.999;https://es.olx.com.br/norte-do-espirito-santo/autos-e-pecas/motos/mt-07-abs-2022-2023-pronta-entrega-862487578
MT-07 ABS, 2023/2023, 0 Km, A Faturar Imediato;R$ 48.356;https://es.olx.com.br/norte-do-espirito-santo/autos-e-pecas/motos/mt-07-abs-2023-2023-0-km-a-faturar-imediato-1162431109
MT 07 2016;R$ 30.000;https://es.olx.com.br/norte-do-espirito-santo/autos-e-pecas/motos/mt-07-2016-1155761371
* MT - 07 ABS 20/20;R$ 35.000;https://es.olx.com.br/norte-do-espirito-santo/autos-e-pecas/motos/mt-07-abs-20-20-1163617671
MT 07 2021/22;R$ 42.500;https://es.olx.com.br/norte-do-espirito-santo/autos-e-pecas/motos/mt-07-2021-22-1156646279
MT 07 ano 19/20;R$ 38.500;https://es.olx.com.br/sul-do-espirito-santo/autos-e-pecas/motos/mt-07-ano-19-20-1146575838
MT 07;R$ 45.900;https://es.olx.com.br/norte-do-espirito-santo/autos-e-pecas/motos/mt-07-1161290953
MT 07 2021;R$ 42.500;https://es.olx.com.br/norte-do-espirito-santo/autos-e-pecas/motos/mt-07-2021-1161088800
Mt-07 ABS 2022/23 0KM;;https://es.olx.com.br/norte-do-espirito-santo/autos-e-pecas/motos/mt-07-abs-2022-23-0km-858150212
MT-07 ABS 2022 /23 0KM;;https://es.olx.com.br/norte-do-espirito-santo/autos-e-pecas/motos/mt-07-abs-2022-23-0km-925798546
MT-07 ABS 2023 Pronta entrega em Linhares;R$ 45.999;https://es.olx.com.br/norte-do-espirito-santo/autos-e-pecas/motos/mt-07-abs-2023-pronta-entrega-em-linhares-1128565604
Mt 07 2016 impecável. Vendo ou troco por moto de menor valor.;R$ 32.500;https://es.olx.com.br/norte-do-espirito-santo/autos-e-pecas/motos/mt-07-2016-impecavel-vendo-ou-troco-por-moto-de-menor-valor-1151526731
MT 07 700cc;R$ 36.000;https://es.olx.com.br/norte-do-espirito-santo/autos-e-pecas/motos/mt-07-700cc-1150883061
MT 07;R$ 29.000;https://es.olx.com.br/norte-do-espirito-santo/autos-e-pecas/motos/mt-07-1148294475
Mt 07;R$ 33.000;https://es.olx.com.br/norte-do-espirito-santo/autos-e-pecas/motos/mt-07-1147717781
MT 07 2019/20 ABS PASSO FINANCIAMENTO;R$ 30.000;https://es.olx.com.br/norte-do-espirito-santo/autos-e-pecas/motos/mt-07-2019-20-abs-passo-financiamento-1146875385
MT 07;R$ 39.990;https://es.olx.com.br/norte-do-espirito-santo/autos-e-pecas/motos/mt-07-1141942009
MT 07 2018 - Particular;R$ 37.500;https://es.olx.com.br/norte-do-espirito-santo/autos-e-pecas/motos/mt-07-2018-particular-1141613541
Mt07 2021 8.8km rodado;R$ 38.000;https://es.olx.com.br/norte-do-espirito-santo/autos-e-pecas/motos/mt07-2021-8-8km-rodado-1165591952
MT07 Abs 2023 0Km;;https://es.olx.com.br/norte-do-espirito-santo/autos-e-pecas/motos/mt07-abs-2023-0km-1069539353
VENDO MT07;R$ 33.500;https://es.olx.com.br/norte-do-espirito-santo/autos-e-pecas/motos/vendo-mt07-1142124366
Falar a MT 07 anob2021;R$ 40.500;https://es.olx.com.br/norte-do-espirito-santo/autos-e-pecas/motos/falar-a-mt-07-anob2021-1156618314
Venda;R$ 37.000;https://es.olx.com.br/norte-do-espirito-santo/autos-e-pecas/motos/venda-1163898801
ajustador suspensão honda,yamaha,suzuki,ducati,triumph,bmw;R$ 99;https://es.olx.com.br/norte-do-espirito-santo/autos-e-pecas/pecas-e-acessorios/motos/ajustador-suspensao-honda-yamaha-suzuki-ducati-triumph-bmw-1158130616
MT-07 ABS 2022/2023: - Emplacamento Gratis + Taxa 0,49% + 1a Parcela para 60 Dias;;https://es.olx.com.br/norte-do-espirito-santo/autos-e-pecas/motos/mt-07-abs-2022-2023-emplacamento-gratis-taxa-0-49-1a-parcela-para-60-dias-1162165022
MT 03 ABS 2022 OPORTUNIDADE WAGNER CAMINHÕES;R$ 32.000;https://es.olx.com.br/norte-do-espirito-santo/autos-e-pecas/motos/mt-03-abs-2022-oportunidade-wagner-caminhoes-1148058229
Escapamento mt 07;R$ 2.500;https://es.olx.com.br/norte-do-espirito-santo/autos-e-pecas/pecas-e-acessorios/motos/escapamento-mt-07-1161028669
MOTO-MT 03 2017 COM 320 CILINDRADAS SUPER TOP;R$ 17.000;https://es.olx.com.br/norte-do-espirito-santo/autos-e-pecas/motos/moto-mt-03-2017-com-320-cilindradas-super-top-1143586843
BMW 430I Gran Coupe com apenas 29.000km e garantia de fábrica.;R$ 199.900;https://es.olx.com.br/norte-do-espirito-santo/autos-e-pecas/carros-vans-e-utilitarios/bmw-430i-gran-coupe-com-apenas-29-000km-e-garantia-de-fabrica-1162844540
Volkswagen Voyage 1.6;R$ 30.000;https://es.olx.com.br/norte-do-espirito-santo/autos-e-pecas/carros-vans-e-utilitarios/volkswagen-voyage-1-6-1155839420
Chevrolet Classic 1.0 Flex Top 2014 -A;R$ 22.500;https://es.olx.com.br/norte-do-espirito-santo/autos-e-pecas/carros-vans-e-utilitarios/chevrolet-classic-1-0-flex-top-2014-a-1156288519
Volvo XC60 2.0 T-5 Kinetic 2016;R$ 104.900;https://es.olx.com.br/norte-do-espirito-santo/autos-e-pecas/carros-vans-e-utilitarios/volvo-xc60-2-0-t-5-kinetic-2016-1128136493
Cruze 2015;R$ 60.000;https://es.olx.com.br/norte-do-espirito-santo/autos-e-pecas/carros-vans-e-utilitarios/cruze-2015-1158656606
SAVEIRO TOP;R$ 37.000;https://es.olx.com.br/norte-do-espirito-santo/autos-e-pecas/carros-vans-e-utilitarios/saveiro-top-1158644616
Toyota Etios 1.5 16v Xls Aut. 5p -A;R$ 67.000;https://es.olx.com.br/norte-do-espirito-santo/autos-e-pecas/carros-vans-e-utilitarios/toyota-etios-1-5-16v-xls-aut-5p-a-1155472047
Onix Plus Premier II Tb - na garantia de fábrica 2021;R$ 94.900;https://es.olx.com.br/norte-do-espirito-santo/autos-e-pecas/carros-vans-e-utilitarios/onix-plus-premier-ii-tb-na-garantia-de-fabrica-2021-1165854533
Focus Sedan 2.0 - 2013 AUT;R$ 44.900;https://es.olx.com.br/norte-do-espirito-santo/autos-e-pecas/carros-vans-e-utilitarios/focus-sedan-2-0-2013-aut-1165849198
Chevrolet Prisma 1.0 Lt SPE/4;R$ 48.000;https://es.olx.com.br/norte-do-espirito-santo/autos-e-pecas/carros-vans-e-utilitarios/chevrolet-prisma-1-0-lt-spe-4-1155458842
SENTRA 2015 TOP;R$ 50.000;https://es.olx.com.br/norte-do-espirito-santo/autos-e-pecas/carros-vans-e-utilitarios/sentra-2015-top-1155272064
Polo 1.6 MSI 2018;R$ 66.900;https://es.olx.com.br/norte-do-espirito-santo/autos-e-pecas/carros-vans-e-utilitarios/polo-1-6-msi-2018-1142509368
Hilux CD 2014;R$ 120.000;https://es.olx.com.br/norte-do-espirito-santo/autos-e-pecas/carros-vans-e-utilitarios/hilux-cd-2014-1158512948
Toyota Hilux 3.0 Srv Top Cab. Dupla 4x4 Aut. 4p 171 hp -A;R$ 110.000;https://es.olx.com.br/norte-do-espirito-santo/autos-e-pecas/carros-vans-e-utilitarios/toyota-hilux-3-0-srv-top-cab-dupla-4x4-aut-4p-171-hp-a-1156280754
Sandero Stepway 1.6 - 2016;R$ 52.900;https://es.olx.com.br/norte-do-espirito-santo/autos-e-pecas/carros-vans-e-utilitarios/sandero-stepway-1-6-2016-1161062369
Jetta 2014 top de linha;R$ 69.000;https://es.olx.com.br/norte-do-espirito-santo/autos-e-pecas/carros-vans-e-utilitarios/jetta-2014-top-de-linha-1165485379
Cruze Premier 1.4 Turbo - 2020;R$ 126.900;https://es.olx.com.br/norte-do-espirito-santo/autos-e-pecas/carros-vans-e-utilitarios/cruze-premier-1-4-turbo-2020-1153807064
Renault Duster Top;R$ 45.000;https://es.olx.com.br/norte-do-espirito-santo/autos-e-pecas/carros-vans-e-utilitarios/renault-duster-top-1165445434
Honda ADV 150cc 2023 0km emplacada;R$ 26.990;https://es.olx.com.br/norte-do-espirito-santo/autos-e-pecas/motos/honda-adv-150cc-2023-0km-emplacada-1160067220
Xsara Picasso 1.6 2012;R$ 33.900;https://es.olx.com.br/norte-do-espirito-santo/autos-e-pecas/carros-vans-e-utilitarios/xsara-picasso-1-6-2012-1165423918
Volkswagen Saveiro 1.6 Ce Cross;R$ 50.000;https://es.olx.com.br/norte-do-espirito-santo/autos-e-pecas/carros-vans-e-utilitarios/volkswagen-saveiro-1-6-ce-cross-1156327895
Corolla XEI 2.0 2016;R$ 89.900;https://es.olx.com.br/norte-do-espirito-santo/autos-e-pecas/carros-vans-e-utilitarios/corolla-xei-2-0-2016-1165418711
BMW 325I Coupe 2.5 2008 - *Raridade*;R$ 219.900;https://es.olx.com.br/norte-do-espirito-santo/autos-e-pecas/carros-vans-e-utilitarios/bmw-325i-coupe-2-5-2008-raridade-1140994983
Honda CG160 Titan 2020;R$ 17.000;https://es.olx.com.br/norte-do-espirito-santo/autos-e-pecas/motos/honda-cg160-titan-2020-1007791205
Fiat Strada branco 2018;R$ 48.000;https://es.olx.com.br/norte-do-espirito-santo/autos-e-pecas/carros-vans-e-utilitarios/fiat-strada-branco-2018-1155482397
Gol 1.0 2012;R$ 32.900;https://es.olx.com.br/norte-do-espirito-santo/autos-e-pecas/carros-vans-e-utilitarios/gol-1-0-2012-1134056490
Prisma 2014;R$ 39.000;https://es.olx.com.br/norte-do-espirito-santo/autos-e-pecas/carros-vans-e-utilitarios/prisma-2014-1157518858
Honda CG160 Titan 2019;R$ 16.000;https://es.olx.com.br/norte-do-espirito-santo/autos-e-pecas/motos/honda-cg160-titan-2019-1022169764
S10 2017 cinza;R$ 140.000;https://es.olx.com.br/norte-do-espirito-santo/autos-e-pecas/carros-vans-e-utilitarios/s10-2017-cinza-1158479147
Corolla 2009 Prata;R$ 45.000;https://es.olx.com.br/norte-do-espirito-santo/autos-e-pecas/carros-vans-e-utilitarios/corolla-2009-prata-1105504260
Grand Siena 2013;R$ 30.000;https://es.olx.com.br/norte-do-espirito-santo/autos-e-pecas/carros-vans-e-utilitarios/grand-siena-2013-1157625992
Voyage Completo;;https://es.olx.com.br/norte-do-espirito-santo/autos-e-pecas/carros-vans-e-utilitarios/voyage-completo-1157895449
HB20 2016 TOP;R$ 50.000;https://es.olx.com.br/norte-do-espirito-santo/autos-e-pecas/carros-vans-e-utilitarios/hb20-2016-top-1155282889
Mercedes 915 TOP;R$ 120.000;https://es.olx.com.br/norte-do-espirito-santo/autos-e-pecas/caminhoes/mercedes-915-top-1165107479
Fiat Uno Top;R$ 37.000;https://es.olx.com.br/norte-do-espirito-santo/autos-e-pecas/carros-vans-e-utilitarios/fiat-uno-top-1163647988
IX 35 GLS - 2015;R$ 79.900;https://es.olx.com.br/norte-do-espirito-santo/autos-e-pecas/carros-vans-e-utilitarios/ix-35-gls-2015-1153733726
Tracker LTZ 1.2 2021;R$ 115.900;https://es.olx.com.br/norte-do-espirito-santo/autos-e-pecas/carros-vans-e-utilitarios/tracker-ltz-1-2-2021-1145011245
Chevrolet Onix 1.4 COMPLETO FLEX -A;R$ 50.000;https://es.olx.com.br/norte-do-espirito-santo/autos-e-pecas/carros-vans-e-utilitarios/chevrolet-onix-1-4-completo-flex-a-1156988239
Fiat Fiorino 1.3 Flex 4p -A;R$ 30.000;https://es.olx.com.br/norte-do-espirito-santo/autos-e-pecas/carros-vans-e-utilitarios/fiat-fiorino-1-3-flex-4p-a-1156477270
Onix LTZ 1.0 TB - 2020;R$ 81.900;https://es.olx.com.br/norte-do-espirito-santo/autos-e-pecas/carros-vans-e-utilitarios/onix-ltz-1-0-tb-2020-1153700775
Mini Cooper Clubman 1.6 2012;R$ 74.900;https://es.olx.com.br/norte-do-espirito-santo/autos-e-pecas/carros-vans-e-utilitarios/mini-cooper-clubman-1-6-2012-1133020612
Palio attractive 1.4 2013;R$ 25.000;https://es.olx.com.br/norte-do-espirito-santo/autos-e-pecas/carros-vans-e-utilitarios/palio-attractive-1-4-2013-1158959378
Civic 2012 Top - A;R$ 40.000;https://es.olx.com.br/norte-do-espirito-santo/autos-e-pecas/carros-vans-e-utilitarios/civic-2012-top-a-1157525968
Doblo branca 2015 -A;R$ 45.000;https://es.olx.com.br/norte-do-espirito-santo/autos-e-pecas/carros-vans-e-utilitarios/doblo-branca-2015-a-1157655340
COROLLA 2022 TOP;R$ 120.000;https://es.olx.com.br/norte-do-espirito-santo/autos-e-pecas/carros-vans-e-utilitarios/corolla-2022-top-1155239111
ETIOS 1.5 2017 TOP -A;R$ 50.000;https://es.olx.com.br/norte-do-espirito-santo/autos-e-pecas/carros-vans-e-utilitarios/etios-1-5-2017-top-a-1157650755
Gol 2015 branco -A;R$ 30.000;https://es.olx.com.br/norte-do-espirito-santo/autos-e-pecas/carros-vans-e-utilitarios/gol-2015-branco-a-1159653881
Ford Ká;R$ 42.000;https://es.olx.com.br/norte-do-espirito-santo/autos-e-pecas/carros-vans-e-utilitarios/ford-ka-1158674612
Mercedes C180 - 2015;R$ 118.900;https://es.olx.com.br/norte-do-espirito-santo/autos-e-pecas/carros-vans-e-utilitarios/mercedes-c180-2015-1129965635
Honda City 2014 1.5 Flex - A;R$ 40.000;https://es.olx.com.br/norte-do-espirito-santo/autos-e-pecas/carros-vans-e-utilitarios/honda-city-2014-1-5-flex-a-1156546250
Honda NXR160Bros ESDD 2021;R$ 21.000;https://es.olx.com.br/norte-do-espirito-santo/autos-e-pecas/motos/honda-nxr160bros-esdd-2021-1031231564
GM Camaro SS com apenas 6.000km;R$ 249.900;https://es.olx.com.br/norte-do-espirito-santo/autos-e-pecas/carros-vans-e-utilitarios/gm-camaro-ss-com-apenas-6-000km-1157078589
Toyota Corolla 1.8 16v Xei Flex Aut. 4p;R$ 40.000;https://es.olx.com.br/norte-do-espirito-santo/autos-e-pecas/carros-vans-e-utilitarios/toyota-corolla-1-8-16v-xei-flex-aut-4p-1156469727
Chevrolet Prisma 1.4at Lt;R$ 65.000;https://es.olx.com.br/norte-do-espirito-santo/autos-e-pecas/carros-vans-e-utilitarios/chevrolet-prisma-1-4at-lt-1155510564
Corolla xei 12/13 top;R$ 50.000;https://es.olx.com.br/norte-do-espirito-santo/autos-e-pecas/carros-vans-e-utilitarios/corolla-xei-12-13-top-1158491380
Fiat Doblo 2015;R$ 42.000;https://es.olx.com.br/norte-do-espirito-santo/autos-e-pecas/carros-vans-e-utilitarios/fiat-doblo-2015-1155869374
HB20 2016 conservadissimo;R$ 40.000;https://es.olx.com.br/norte-do-espirito-santo/autos-e-pecas/carros-vans-e-utilitarios/hb20-2016-conservadissimo-1158676774
FIAT STRADA;R$ 45.000;https://es.olx.com.br/norte-do-espirito-santo/autos-e-pecas/carros-vans-e-utilitarios/fiat-strada-1159728748
Corolla 2015 TOP;R$ 70.000;https://es.olx.com.br/norte-do-espirito-santo/autos-e-pecas/carros-vans-e-utilitarios/corolla-2015-top-1160973715
Fusion Titanium awd 2013 - APENAS 1.100 KM. *Raridade*;R$ 119.900;https://es.olx.com.br/norte-do-espirito-santo/autos-e-pecas/carros-vans-e-utilitarios/fusion-titanium-awd-2013-apenas-1-100-km-raridade-1137862058
Fiat Doblo Cargo 1.4 Flex 4p;R$ 50.000;https://es.olx.com.br/norte-do-espirito-santo/autos-e-pecas/carros-vans-e-utilitarios/fiat-doblo-cargo-1-4-flex-4p-1155457436
FIAT FIORINO. CONSERVADA;R$ 45.000;https://es.olx.com.br/norte-do-espirito-santo/autos-e-pecas/carros-vans-e-utilitarios/fiat-fiorino-conservada-1159728335
VOLKSWAGEN GOL. CONSERVADO;R$ 27.000;https://es.olx.com.br/norte-do-espirito-santo/autos-e-pecas/carros-vans-e-utilitarios/volkswagen-gol-conservado-1164353626
Toyota Corolla. Perfeito;R$ 40.000;https://es.olx.com.br/norte-do-espirito-santo/autos-e-pecas/carros-vans-e-utilitarios/toyota-corolla-perfeito-1164348143
SENTRA 2018 TOP;R$ 70.000;https://es.olx.com.br/norte-do-espirito-santo/autos-e-pecas/carros-vans-e-utilitarios/sentra-2018-top-1155274213
HB20 2016 completo - A;R$ 45.000;https://es.olx.com.br/norte-do-espirito-santo/autos-e-pecas/carros-vans-e-utilitarios/hb20-2016-completo-a-1157637133
Honda Civic 1.5 Touring Turbo Aut. 4p;R$ 105.000;https://es.olx.com.br/norte-do-espirito-santo/autos-e-pecas/carros-vans-e-utilitarios/honda-civic-1-5-touring-turbo-aut-4p-1155506222
HB20;R$ 55.000;https://es.olx.com.br/norte-do-espirito-santo/autos-e-pecas/carros-vans-e-utilitarios/hb20-1158720764
Logan Authentique 2016;R$ 30.000;https://es.olx.com.br/norte-do-espirito-santo/autos-e-pecas/carros-vans-e-utilitarios/logan-authentique-2016-1158602163
Sandero 2016;R$ 30.000;https://es.olx.com.br/norte-do-espirito-santo/autos-e-pecas/carros-vans-e-utilitarios/sandero-2016-1159165194
Celta 1.0 2015 TOP DEMAIS - A;R$ 25.000;https://es.olx.com.br/norte-do-espirito-santo/autos-e-pecas/carros-vans-e-utilitarios/celta-1-0-2015-top-demais-a-1158578642
Fiat Palio 2013. CONSERVADO';R$ 40.000;https://es.olx.com.br/norte-do-espirito-santo/autos-e-pecas/carros-vans-e-utilitarios/fiat-palio-2013-conservado-1164121621
FOX 2016 - A;R$ 45.000;https://es.olx.com.br/norte-do-espirito-santo/autos-e-pecas/carros-vans-e-utilitarios/fox-2016-a-1159030784
Hyundai HB20 1.6 Comfort Plus Flex Aut. 5p -A;R$ 68.000;https://es.olx.com.br/norte-do-espirito-santo/autos-e-pecas/carros-vans-e-utilitarios/hyundai-hb20-1-6-comfort-plus-flex-aut-5p-a-1155491459
Stradinha 2012 conservadinha;R$ 25.000;https://es.olx.com.br/norte-do-espirito-santo/autos-e-pecas/carros-vans-e-utilitarios/stradinha-2012-conservadinha-1164105988
FIAT FIORINO. TOP;R$ 30.000;https://es.olx.com.br/norte-do-espirito-santo/autos-e-pecas/carros-vans-e-utilitarios/fiat-fiorino-top-1164105166
CHEVROLET PRISMA. TOP;R$ 35.000;https://es.olx.com.br/norte-do-espirito-santo/autos-e-pecas/carros-vans-e-utilitarios/chevrolet-prisma-top-1164104138
Volkswagen voyage. Top;R$ 35.000;https://es.olx.com.br/norte-do-espirito-santo/autos-e-pecas/carros-vans-e-utilitarios/volkswagen-voyage-top-1164089821
HONDA CIVIC. CONSERVADO;R$ 35.000;https://es.olx.com.br/norte-do-espirito-santo/autos-e-pecas/carros-vans-e-utilitarios/honda-civic-conservado-1164081191
Honda Civic. Conservado;R$ 45.000;https://es.olx.com.br/norte-do-espirito-santo/autos-e-pecas/carros-vans-e-utilitarios/honda-civic-conservado-1164079784
TOYOTA COROLLA. TOP;R$ 35.000;https://es.olx.com.br/norte-do-espirito-santo/autos-e-pecas/carros-vans-e-utilitarios/toyota-corolla-top-1164078610
Siena 2014 top;R$ 27.000;https://es.olx.com.br/norte-do-espirito-santo/autos-e-pecas/carros-vans-e-utilitarios/siena-2014-top-1158534867
Ônix Turbo 2020;R$ 75.000;https://es.olx.com.br/norte-do-espirito-santo/autos-e-pecas/carros-vans-e-utilitarios/onix-turbo-2020-1158504267
Corolla grafite 2009 - A;R$ 42.000;https://es.olx.com.br/norte-do-espirito-santo/autos-e-pecas/carros-vans-e-utilitarios/corolla-grafite-2009-a-1158652063
Civic 2012 Top;R$ 45.000;https://es.olx.com.br/norte-do-espirito-santo/autos-e-pecas/carros-vans-e-utilitarios/civic-2012-top-1158462025
Celta 2012 prata - A;R$ 22.000;https://es.olx.com.br/norte-do-espirito-santo/autos-e-pecas/carros-vans-e-utilitarios/celta-2012-prata-a-1157532178
Prisma 2015 TOP -A;R$ 40.000;https://es.olx.com.br/norte-do-espirito-santo/autos-e-pecas/carros-vans-e-utilitarios/prisma-2015-top-a-1156845971
Voyage Top - A;R$ 35.000;https://es.olx.com.br/norte-do-espirito-santo/autos-e-pecas/carros-vans-e-utilitarios/voyage-top-a-1158426071
Toyota Etios 1.5 X SEDAN 16V FLEX 4P MANUAL;R$ 50.000;https://es.olx.com.br/norte-do-espirito-santo/autos-e-pecas/carros-vans-e-utilitarios/toyota-etios-1-5-x-sedan-16v-flex-4p-manual-1155457848
SAVEIRO CE CROSS 2014 TOP -A;R$ 53.000;https://es.olx.com.br/norte-do-espirito-santo/autos-e-pecas/carros-vans-e-utilitarios/saveiro-ce-cross-2014-top-a-1157630860
Toyota Corolla 1.8 16v Gli Flex 4p;R$ 82.000;https://es.olx.com.br/norte-do-espirito-santo/autos-e-pecas/carros-vans-e-utilitarios/toyota-corolla-1-8-16v-gli-flex-4p-1155472233
Chevrolet Prisma PRISMA Sed. LTZ 1.4 8V FlexPower 4p Aut.;R$ 60.000;https://es.olx.com.br/norte-do-espirito-santo/autos-e-pecas/carros-vans-e-utilitarios/chevrolet-prisma-prisma-sed-ltz-1-4-8v-flexpower-4p-aut-1155498397
Civic 2009;R$ 30.000;https://es.olx.com.br/norte-do-espirito-santo/autos-e-pecas/carros-vans-e-utilitarios/civic-2009-1157523898
Renault Kangoo Express 1.6 16v Porta Lateral Hi-flex 5p;R$ 43.000;https://es.olx.com.br/norte-do-espirito-santo/autos-e-pecas/carros-vans-e-utilitarios/renault-kangoo-express-1-6-16v-porta-lateral-hi-flex-5p-1155477617
Fiat Strada 1.4 Working Flex 2p;R$ 40.000;https://es.olx.com.br/norte-do-espirito-santo/autos-e-pecas/carros-vans-e-utilitarios/fiat-strada-1-4-working-flex-2p-1155461708
S10 2.8 AUT COMPLETO -A;R$ 110.000;https://es.olx.com.br/norte-do-espirito-santo/autos-e-pecas/carros-vans-e-utilitarios/s10-2-8-aut-completo-a-1157134848
Fiat Strada 1.4 flex Top Completo -A;R$ 35.000;https://es.olx.com.br/norte-do-espirito-santo/autos-e-pecas/carros-vans-e-utilitarios/fiat-strada-1-4-flex-top-completo-a-1156526408
Stradinha 2011/12;R$ 25.000;https://es.olx.com.br/norte-do-espirito-santo/autos-e-pecas/carros-vans-e-utilitarios/stradinha-2011-12-1157531048
Corolla 2009;R$ 35.000;https://es.olx.com.br/norte-do-espirito-santo/autos-e-pecas/carros-vans-e-utilitarios/corolla-2009-1157518783
Palio Attractive 2013;R$ 25.000;https://es.olx.com.br/norte-do-espirito-santo/autos-e-pecas/carros-vans-e-utilitarios/palio-attractive-2013-1157521311
Honda NC750 2020;R$ 46.000;https://es.olx.com.br/norte-do-espirito-santo/autos-e-pecas/motos/honda-nc750-2020-1147107839
CELTA 2012 COMPLETO 1.0 FLEX;R$ 25.000;https://es.olx.com.br/norte-do-espirito-santo/autos-e-pecas/carros-vans-e-utilitarios/celta-2012-completo-1-0-flex-1156557307
Chevrolet Celta 2013;R$ 0;https://es.olx.com.br/norte-do-espirito-santo/autos-e-pecas/carros-vans-e-utilitarios/chevrolet-celta-2013-1163203423
Polo Sedan chumbo 2013;R$ 30.000;https://es.olx.com.br/norte-do-espirito-santo/autos-e-pecas/carros-vans-e-utilitarios/polo-sedan-chumbo-2013-1163203218
Chevrolet Montana 2016;R$ 40.000;https://es.olx.com.br/norte-do-espirito-santo/autos-e-pecas/carros-vans-e-utilitarios/chevrolet-montana-2016-1163195409
Logan 2012 preto;R$ 21.000;https://es.olx.com.br/norte-do-espirito-santo/autos-e-pecas/carros-vans-e-utilitarios/logan-2012-preto-1163186424
Volkswagen gol 2016;R$ 40.000;https://es.olx.com.br/norte-do-espirito-santo/autos-e-pecas/carros-vans-e-utilitarios/volkswagen-gol-2016-1163179602
Clio 2013 prata;R$ 21.000;https://es.olx.com.br/norte-do-espirito-santo/autos-e-pecas/carros-vans-e-utilitarios/clio-2013-prata-1163161603
Fiat Mobi Novo 2017;R$ 50.000;https://es.olx.com.br/norte-do-espirito-santo/autos-e-pecas/carros-vans-e-utilitarios/fiat-mobi-novo-2017-1162884865
Doblo 2016 TOP;R$ 48.000;https://es.olx.com.br/norte-do-espirito-santo/autos-e-pecas/carros-vans-e-utilitarios/doblo-2016-top-1154371704
Honda CG160 Titan 2020;R$ 17.000;https://es.olx.com.br/norte-do-espirito-santo/autos-e-pecas/motos/honda-cg160-titan-2020-1032037783
Honda civic 2009;R$ 40.000;https://es.olx.com.br/norte-do-espirito-santo/autos-e-pecas/carros-vans-e-utilitarios/honda-civic-2009-1155824240
onix 2020;R$ 54.500;https://es.olx.com.br/norte-do-espirito-santo/autos-e-pecas/carros-vans-e-utilitarios/onix-2020-1161605279
corsa 2012;R$ 21.000;https://es.olx.com.br/norte-do-espirito-santo/autos-e-pecas/carros-vans-e-utilitarios/corsa-2012-1161586504
Fiat Idea 1.4 ATTRACTIVE;R$ 30.000;https://es.olx.com.br/norte-do-espirito-santo/autos-e-pecas/carros-vans-e-utilitarios/fiat-idea-1-4-attractive-1161037278
Fiat Doblo 1.8;R$ 35.000;https://es.olx.com.br/norte-do-espirito-santo/autos-e-pecas/carros-vans-e-utilitarios/fiat-doblo-1-8-1160868866
FORD RANGER 2015;R$ 83.899;https://es.olx.com.br/norte-do-espirito-santo/autos-e-pecas/caminhoes/ford-ranger-2015-1160572225
Xre 2018 top;R$ 18.000;https://es.olx.com.br/norte-do-espirito-santo/autos-e-pecas/motos/xre-2018-top-1140309551
Fiorino 2012;R$ 27.000;https://es.olx.com.br/norte-do-espirito-santo/autos-e-pecas/carros-vans-e-utilitarios/fiorino-2012-1159736346
FIAT UNO 1.0 VIVACE 2014 -A;R$ 25.000;https://es.olx.com.br/norte-do-espirito-santo/autos-e-pecas/carros-vans-e-utilitarios/fiat-uno-1-0-vivace-2014-a-1159676671
HB20 1.0 comfort flex;R$ 42.500;https://es.olx.com.br/norte-do-espirito-santo/autos-e-pecas/carros-vans-e-utilitarios/hb20-1-0-comfort-flex-1159556107
Virtus 21/21;R$ 82.900;https://es.olx.com.br/norte-do-espirito-santo/autos-e-pecas/carros-vans-e-utilitarios/virtus-21-21-1130061936
Pneu dianteiro Pirelli 120/70-17 - Pirelli Diablo Rosso 2;R$ 630;https://es.olx.com.br/norte-do-espirito-santo/autos-e-pecas/pecas-e-acessorios/motos/pneu-dianteiro-pirelli-120-70-17-pirelli-diablo-rosso-2-1150721778
Volvo XC60 V/T (REPASSE particular);R$ 55.900;https://es.olx.com.br/norte-do-espirito-santo/autos-e-pecas/carros-vans-e-utilitarios/volvo-xc60-v-t-repasse-particular-1159369103
Doblô adv 2015;R$ 40.000;https://es.olx.com.br/norte-do-espirito-santo/autos-e-pecas/carros-vans-e-utilitarios/doblo-adv-2015-1159142596
XRE 2015;R$ 15.000;https://es.olx.com.br/norte-do-espirito-santo/autos-e-pecas/motos/xre-2015-1159136160
Xre 2018;R$ 18.000;https://es.olx.com.br/norte-do-espirito-santo/autos-e-pecas/motos/xre-2018-1159005264
BMW K1600 Bagger 2019;R$ 159.900;https://es.olx.com.br/norte-do-espirito-santo/autos-e-pecas/motos/bmw-k1600-bagger-2019-1073115760
Voyage 2015;R$ 35.000;https://es.olx.com.br/norte-do-espirito-santo/autos-e-pecas/carros-vans-e-utilitarios/voyage-2015-1158646096
Classic 2015;R$ 25.000;https://es.olx.com.br/norte-do-espirito-santo/autos-e-pecas/carros-vans-e-utilitarios/classic-2015-1158636598
Spin LT 2014;R$ 35.000;https://es.olx.com.br/norte-do-espirito-santo/autos-e-pecas/carros-vans-e-utilitarios/spin-lt-2014-1158517932
Honda Biz 125 Mais 2010;R$ 10.900;https://es.olx.com.br/norte-do-espirito-santo/autos-e-pecas/motos/honda-biz-125-mais-2010-1098368287
S10 2010;R$ 45.000;https://es.olx.com.br/norte-do-espirito-santo/autos-e-pecas/carros-vans-e-utilitarios/s10-2010-1157911196
Honda CG160 FAN 2022;R$ 18.500;https://es.olx.com.br/norte-do-espirito-santo/autos-e-pecas/motos/honda-cg160-fan-2022-1028839279
Honda CG160 Titan 2022;R$ 19.000;https://es.olx.com.br/norte-do-espirito-santo/autos-e-pecas/motos/honda-cg160-titan-2022-1008700771
CG160 Start 2020;R$ 14.000;https://es.olx.com.br/norte-do-espirito-santo/autos-e-pecas/motos/cg160-start-2020-985293164
Pneu traseiro Pirelli 180/55ZR-17 - Pirelli Diablo Rosso 2;R$ 790;https://es.olx.com.br/norte-do-espirito-santo/autos-e-pecas/pecas-e-acessorios/motos/pneu-traseiro-pirelli-180-55zr-17-pirelli-diablo-rosso-2-1135542839
Toyota Etios 1.5 X SEDAN 16V FLEX 4P MANUAL;R$ 40.000;https://es.olx.com.br/norte-do-espirito-santo/autos-e-pecas/carros-vans-e-utilitarios/toyota-etios-1-5-x-sedan-16v-flex-4p-manual-1155407250
Toyota Etios 2016;R$ 40.000;https://es.olx.com.br/norte-do-espirito-santo/autos-e-pecas/carros-vans-e-utilitarios/toyota-etios-2016-1155406587
Toyota Etios 1.5 X SEDAN 16V FLEX 4P MANUAL;R$ 40.000;https://es.olx.com.br/norte-do-espirito-santo/autos-e-pecas/carros-vans-e-utilitarios/toyota-etios-1-5-x-sedan-16v-flex-4p-manual-1155401204
Toyota Corolla 1.8 16v Gli Flex 4p;R$ 82.000;https://es.olx.com.br/norte-do-espirito-santo/autos-e-pecas/carros-vans-e-utilitarios/toyota-corolla-1-8-16v-gli-flex-4p-1155312035
Toyota Corolla 2.0 16v Xei Flex Multi-drive S 4p;R$ 80.000;https://es.olx.com.br/norte-do-espirito-santo/autos-e-pecas/carros-vans-e-utilitarios/toyota-corolla-2-0-16v-xei-flex-multi-drive-s-4p-1155309273
Honda CG160 Titan 2021;R$ 17.500;https://es.olx.com.br/norte-do-espirito-santo/autos-e-pecas/motos/honda-cg160-titan-2021-1014064965
Triumph Tiger Explorer XCX 1200 2017;R$ 64.900;https://es.olx.com.br/norte-do-espirito-santo/autos-e-pecas/motos/triumph-tiger-explorer-xcx-1200-2017-1123018359
Pneu 205/55/16 Corolla . honda;R$ 369;https://es.olx.com.br/norte-do-espirito-santo/autos-e-pecas/pecas-e-acessorios/carros-vans-e-utilitarios/pneu-205-55-16-corolla-honda-1128782250
KIA BONGO 2010 CONSERVADO;R$ 50.000;https://es.olx.com.br/norte-do-espirito-santo/autos-e-pecas/caminhoes/kia-bongo-2010-conservado-1145154089
COROLLA PRATA 2013/2014 CONSERVADO;R$ 50.000;https://es.olx.com.br/norte-do-espirito-santo/autos-e-pecas/carros-vans-e-utilitarios/corolla-prata-2013-2014-conservado-1143979961
FZ25 FAZER ABS;R$ 17.000;https://es.olx.com.br/norte-do-espirito-santo/autos-e-pecas/motos/fz25-fazer-abs-1142444284
VOYAGE 2015 TOP;R$ 30.000;https://es.olx.com.br/norte-do-espirito-santo/autos-e-pecas/carros-vans-e-utilitarios/voyage-2015-top-1142432538
